{"cameraMode":{"drawMode":0,"name":"Shaded","section":"Shading Mode"},"sceneLighting":true,"audioPlay":false,"sceneViewState":{"showFog":true,"showMaterialUpdate":true,"showSkybox":true,"showFlares":true,"showImageEffects":true,"showParticleSystems":true},"in2DMode":false,"pivot":{"x":13.969998359680176,"y":0.5736730098724365,"z":23.19452476501465},"rotation":{"x":0.7038784623146057,"y":0.00830349326133728,"z":-0.008234918117523194,"w":0.7102270722389221},"size":4.35930061340332,"orthographic":false}