{"cameraMode":{"drawMode":3,"name":"Shadow Cascades","section":"Miscellaneous"},"sceneLighting":true,"audioPlay":false,"sceneViewState":{"showFog":true,"showMaterialUpdate":true,"showSkybox":true,"showFlares":true,"showImageEffects":true,"showParticleSystems":true},"in2DMode":false,"pivot":{"x":401.4568786621094,"y":16.974611282348634,"z":150.16522216796876},"rotation":{"x":-0.0005507242167368531,"y":-0.9985371828079224,"z":0.0103538753464818,"w":-0.05309659615159035},"size":10.0,"orthographic":false}