{"cameraMode":{"drawMode":0,"name":"Shaded","section":"Shading Mode"},"sceneLighting":true,"audioPlay":false,"sceneViewState":{"showFog":true,"showMaterialUpdate":true,"showSkybox":true,"showFlares":true,"showImageEffects":true,"showParticleSystems":true},"in2DMode":false,"pivot":{"x":266.15826416015627,"y":28.50333023071289,"z":319.1661376953125},"rotation":{"x":0.4056552052497864,"y":-0.5660398602485657,"z":0.3754103481769562,"w":0.6116451621055603},"size":22.41724395751953,"orthographic":false}