{"cameraMode":{"drawMode":3,"name":"Shadow Cascades","section":"Miscellaneous"},"sceneLighting":true,"audioPlay":false,"sceneViewState":{"showFog":true,"showMaterialUpdate":true,"showSkybox":true,"showFlares":true,"showImageEffects":true,"showParticleSystems":true},"in2DMode":false,"pivot":{"x":388.6636962890625,"y":15.421163558959961,"z":132.31948852539063},"rotation":{"x":0.04077336564660072,"y":0.8749368190765381,"z":0.07484296709299088,"w":-0.47669434547424319},"size":35.55498123168945,"orthographic":false}