{"cameraMode":{"drawMode":0,"name":"Shaded","section":"Shading Mode"},"sceneLighting":true,"audioPlay":false,"sceneViewState":{"showFog":true,"showMaterialUpdate":true,"showSkybox":true,"showFlares":true,"showImageEffects":true,"showParticleSystems":true},"in2DMode":false,"pivot":{"x":19.98906707763672,"y":-9.131402969360352,"z":23.18659019470215},"rotation":{"x":0.369803786277771,"y":0.5811716914176941,"z":-0.33408382534980776,"w":0.6433380246162415},"size":15.299995422363282,"orthographic":false}