{"cameraMode":{"drawMode":0,"name":"Shaded","section":"Shading Mode"},"sceneLighting":true,"audioPlay":false,"sceneViewState":{"showFog":true,"showMaterialUpdate":true,"showSkybox":true,"showFlares":true,"showImageEffects":true,"showParticleSystems":true},"in2DMode":false,"pivot":{"x":13.877802848815918,"y":1.6037003993988038,"z":22.924409866333009},"rotation":{"x":0.0010810948442667723,"y":0.9817265868186951,"z":-0.19023889303207398,"w":0.005614118184894323},"size":2.3737144470214845,"orthographic":false}