{"cameraMode":{"drawMode":3,"name":"Shadow Cascades","section":"Miscellaneous"},"sceneLighting":true,"audioPlay":false,"sceneViewState":{"showFog":true,"showMaterialUpdate":true,"showSkybox":true,"showFlares":true,"showImageEffects":true,"showParticleSystems":true},"in2DMode":false,"pivot":{"x":29.80002212524414,"y":4.12293815612793,"z":35.316001892089847},"rotation":{"x":0.36859774589538576,"y":-0.03013601526618004,"z":0.011942975223064423,"w":0.9290253520011902},"size":4.171291351318359,"orthographic":false}